reading,0.00176
building,4.18877
sampling,0.0010652
building,4.23487
sampling,0.0010192
building,3.87044
sampling,0.0010355
building,4.39051
sampling,0.0009655
building,4.15058
sampling,0.0009665
