reading,0.00319
building,0.0156936
sampling,0.0009358
building,0.0180044
sampling,0.0010164
building,0.0183854
sampling,0.0012101
building,0.0159564
sampling,0.0059347
building,0.0162913
sampling,0.0008656
