simplicial_motif_index, count
1,0.251426
4,0.257609
21,0.247533
23,0.243432
