simplicial_motif_index, count
13,0.328338
23,0.341623
45,0.330039
