simplicial_motif_index, count
0,0.172312
1,0.332690
2,0.328573
4,0.166425
