simplicial_motif_index, count
0,0.198953
1,0.215570
4,0.585477
