simplicial_motif_index, count
0,0.239368
1,0.509779
2,0.250852
