simplicial_motif_index, count
0,0.494252
2,0.246362
4,0.259386
