simplicial_motif_index, count
0,0.138725
1,0.140059
2,0.147195
4,0.574020
