simplicial_motif_index, count
4,0.263270
23,0.492301
45,0.244428
