simplicial_motif_index, count
0,0.350689
1,0.110163
2,0.153477
4,0.346043
7,0.039628
