simplicial_motif_index, count
0,0.346398
1,0.116333
2,0.148999
4,0.348978
7,0.039291
