simplicial_motif_index, count
0,0.331923
1,0.119611
2,0.162573
4,0.348555
7,0.037338
