simplicial_motif_index, count
57,0.178958
60,0.125816
87,0.146270
150,0.136212
318,0.140717
404,0.147211
919,0.124816
