simplicial_motif_index, count
0,0.062984
1,0.110091
4,0.108700
6,0.045926
8,0.054602
10,0.117154
13,0.047539
16,0.048288
20,0.049786
21,0.052239
23,0.256528
45,0.046165
