simplicial_motif_index, count
0,0.047466
1,0.096686
4,0.106611
6,0.054782
8,0.055439
10,0.109497
13,0.047393
16,0.048455
20,0.059389
21,0.054778
23,0.267502
45,0.052000
