simplicial_motif_index, count
0,0.061611
1,0.102043
4,0.106416
6,0.051572
8,0.049698
10,0.099774
13,0.053187
16,0.055640
20,0.059915
21,0.049868
23,0.260498
45,0.049780
