simplicial_motif_index, count
57,0.140951
60,0.134817
87,0.155421
150,0.139658
318,0.142440
404,0.146600
919,0.140113
