simplicial_motif_index, count
0,0.353899
1,0.117178
2,0.152146
4,0.340775
7,0.036002
