simplicial_motif_index, count
0,0.062291
1,0.107897
4,0.106256
6,0.043451
8,0.046110
10,0.094827
13,0.053751
16,0.053334
20,0.058166
21,0.052349
23,0.269038
45,0.052529
