simplicial_motif_index, count
0,0.061374
1,0.104528
4,0.101048
6,0.056168
8,0.049541
10,0.096285
13,0.048942
16,0.054387
20,0.055906
21,0.050346
23,0.267762
45,0.053714
