simplicial_motif_index, count
57,0.168193
60,0.164735
87,0.147648
150,0.123037
318,0.139258
404,0.119371
919,0.137758
