simplicial_motif_index, count
57,0.152039
60,0.142099
87,0.122859
150,0.141647
318,0.148445
404,0.147258
919,0.145652
