simplicial_motif_index, count
0,0.040581
1,0.096379
4,0.118755
6,0.050374
8,0.053808
10,0.115918
13,0.048513
16,0.050726
20,0.046616
21,0.060151
23,0.269487
45,0.048691
