simplicial_motif_index, count
0,0.333328
1,0.120531
2,0.152814
4,0.356718
7,0.036610
