simplicial_motif_index, count
0,0.345788
1,0.114694
2,0.152034
4,0.349258
7,0.038226
