simplicial_motif_index, count
0,0.065144
1,0.097013
4,0.115686
6,0.042119
8,0.050648
10,0.098137
13,0.057884
16,0.049326
20,0.053034
21,0.049193
23,0.274062
45,0.047755
