simplicial_motif_index, count
0,0.054220
1,0.104487
4,0.086272
6,0.058597
8,0.048113
10,0.097239
13,0.054756
16,0.050431
20,0.051761
21,0.062896
23,0.275695
45,0.055533
