simplicial_motif_index, count
57,0.133275
60,0.131514
87,0.157872
150,0.152020
318,0.139661
404,0.150901
919,0.134756
