simplicial_motif_index, count
57,0.151232
60,0.148067
87,0.175436
150,0.134970
318,0.126644
404,0.138917
919,0.124734
