simplicial_motif_index, count
57,0.144060
60,0.128594
87,0.141877
150,0.175961
318,0.131590
404,0.139718
919,0.138199
