simplicial_motif_index, count
0,0.328692
1,0.128045
2,0.156320
4,0.347873
7,0.039069
