simplicial_motif_index, count
0,0.343921
1,0.115643
2,0.159552
4,0.343299
7,0.037584
