simplicial_motif_index, count
57,0.160104
60,0.138213
87,0.128951
150,0.145619
318,0.145081
404,0.146479
919,0.135553
