simplicial_motif_index, count
0,0.056756
1,0.114694
4,0.094094
6,0.058464
8,0.051336
10,0.113709
13,0.041653
16,0.049366
20,0.048687
21,0.055362
23,0.260656
45,0.055226
