simplicial_motif_index, count
57,0.139170
60,0.153935
87,0.137257
150,0.151497
318,0.132242
404,0.152332
919,0.133568
