simplicial_motif_index, count
57,0.165319
60,0.145450
87,0.141158
150,0.145761
318,0.132766
404,0.129001
919,0.140546
