simplicial_motif_index, count
0,0.052128
1,0.122175
4,0.100319
6,0.046155
8,0.051585
10,0.100817
13,0.047722
16,0.054594
20,0.049051
21,0.054624
23,0.268976
45,0.051853
