simplicial_motif_index, count
0,0.360890
1,0.113806
2,0.144770
4,0.343994
7,0.036540
