simplicial_motif_index, count
0,0.339812
1,0.110195
2,0.151752
4,0.361156
7,0.037085
